"1","安安你好"
"2","最近過的好嗎"
"3","別怕"
"4","就只是個超人"
"5","沒什麼大不了的"
"6","下雨"
"7","從來都不是停止練習的藉口"
"8","到貨了"
"9","然後我們一個晚上就把它弄壞了"
"10","雖然買之前就知道"
"11","實際拿到以後"
"12","主要目標是"
"13","很怕像橡皮筋一樣"
"14","綁住影響血液循環"
"15","短時間可能還可以"
"16","可是要長達十小時就不行了"
"17","不會因此滑倒"
"18","昨天晚上試用"
"19","效果算是很不錯"
"20","家中防滑"
"21","但是書店沒貨"
"22","所以就上網訂了"
"23","家中的地板露氣重"
"24","這幾天因為氣溫低"
"25","家中的地板露氣重"
"26","它的腳爪整天都在滑倒"
"27","光是昨晚就已經滑倒三次"
"28","從廚房門口走出來"
"29","從電腦房門口走出來"
"30","地上有水"
"31","當時正在拖地"
"32","正要去房間睡覺時"
"33","還好我們不在家的時候，它都在睡覺"
"34","沒發生過這種事情"
"35","肯定骨折或需要開刀"
"36","我想要五點再來光華商場"
"37","人生就是一個人的生活"
"38","就是一個人的生活"
"39","不會生活，你就沒有人生"
"40","你沒有人生"
"41","我不是流浪，而是以天地為家"
"42","以天地為家"
"43","你昨天吃什麼？"
"44","有吃飽嗎？"
"45","這麼閒"
"46","浪費時間"
"47","還不快點去"
"48","真厲害"
"49","沒看過這麼弱的天才"
"50","原來是個擅長挖坑的朋友呀"
"51","你好"
"52","又是令人瑟瑟發抖的一天"
"53","所以就是個工具人嘛"
"54","相信我，這肯定有前途"
"55","這肯定有前途"
"56","有資料才有資料科學"
"57","資料科學"
"58","又是ㄧ個付費的全民公測"
"59","我好興奮啊！"
"60","再忙，也要陪你一起加班！"
"61","也要陪你一起加班"
"62","幸福"
"63","不過就是有及時完成夢想的能力"
"64","人生嘛，何必呢"
"65","何必呢"
"66","為什麼這麼急著抵達終點？"
"67","小魯一想到可以被噓就好興奮歐"
"68","趕快來吃"
"69","想佔有的東西就是想佔有"
"70","你站在那再久也不會是你的"
"71","簡單來說"
"72","你本來就是他的獵物"
"73","他就想佔有呀"
"74","你要牛吃肉"
"75","會激起他的佔有慾"
"76","應該做自己想做的事"
"77","轉移自己的注意力"
"78","而不是去做天下所有事"
"79","每天來點負能量就是爽"
"80","請你穿越這片稻田"
"81","去摘一株最大最金黃的麥穗"
"82","但是有個規則"
"83","你不能走回頭路"
"84","而且你只能摘一次"
"85","他怎麽空手回來了？"
"86","當我走在田間的時候"
"87","看到過幾株特別大特別燦爛的麥穗"
"88","我總想著前面也許會有更好的"
"89","於是就沒有摘"
"90","我繼續走的時候"
"91","看到的麥穗"
"92","總覺得還不如先前看到的好"
"93","所以我最後什麽都沒有摘到"
"94","落井下石非英雄"
"95","前人的足跡"
"96","保存著他們的記憶"
"97","是他們的瑰寶"
"98","是我們的指標"
"99","看著外婆慈祥的笑容"
"100","就覺得心裡暖暖的"
"101","就像冬天的陽光"
"102","因為居住在不同縣市"
"103","一年見面的次數不到十次"
"104","每次見面都笑得像孩子般"
"105","乖孫啊"
"106","還記得有次年假"
"107","一起準備了晚餐"
"108","外婆和媽媽"
"109","餐桌上有一道肉非常好吃"
"110","鹹度適中又帶點微甘"
"111","隔天早起"
"112","外婆坐在廚房的門邊"
"113","阿嬤妳在做什麼"
"114","準備中午要煮的菜"
"115","阿嬤"
"116","昨天那個肉燥好好吃喔"
"117","聽了笑得更開心了"
"118","餐桌上有滿滿一大鍋肉燥"
"119","全部人都吃飽後還剩不少"
"120","媽媽因為太冷就自己關機了"
"121","準備太多啦"
"122","剩這麼多"
"123","不會啦！"
"124","晚上還能吃啊"
"125","一旁的我"
"126","聽到了有點罪惡感"
"127","她微胖身軀漸漸行動不便"
"128","中風後還需要柺杖幫助走路"
"129","我看了好心疼"
"130","我小時候台語說的很流利"
"131","但後來少說了"
"132","漸漸說得不順"
"133","現在要想一下如何用台語表達"
"134","儘管我台語說得不好"
"135","還是很喜歡我跟她聊天"
"136","她都會很認真地聽著"
"137","她也是喜歡聊天的人"
"138","若沒被記錄下來"
"139","容易隨著時光被抹去"
"140","曾經如此驚天動地"
"141","如此刻骨銘心"
"142","每個人都是特別的"
"143","每個人背後都有數不清的精彩"
"144","可以透過文字來記錄生活點滴"
"145","年長的一輩很難這麼做"
"146","身為後輩的我們"
"147","又有誰會來紀錄呢"
"148","不幫他們紀錄"
"149","我的外婆不識字"
"150","但她很天真"
"151","很容易被逗笑"
"152","她是如此慈祥的人。"
"153","這篇文章獻給親愛的外婆"
"154","故事發生於雲林的純樸村落"
"155","那是一個屬於外婆的故事"
"156","太陽斜傾"
"157","昏黃的橘色光芒映照著街景"
"158","三輪車駛過的聲音"
"159","迴盪在空中"
"160","二三零年代"
"161","有著嚴重的重男輕女傾向"
"162","過去多數家庭"
"163","他們在村里擁有四五甲田"
"164","養了幾隻牛"
"165","平時會僱用工人照顧田地"
"166","張老先生是張家的大家長"
"167","生活雖不是極富有，卻也衣食無慮"
"168","盼到第一位小孫女的誕生"
"169","心裡雀躍無比"
"170","打定主意要寵愛著這個孩子"
"171","在女嬰幾個月大時"
"172","他突然發現"
"173","停止了呼吸"
"174","懷裡的寶貝孫女"
"175","張老先生不准"
"176","他心疼小孫女"
"177","用稻草蓋著"
"178","要求媳婦放在倉庫"
"179","他不時去摸摸她的頭"
"180","三天之後他又來到那裡"
"181","令他訝異的是"
"182","她還活著"
"183","她還在呼吸"
"184","原本家人都不相信"
"185","時光流逝"
"186","她多了四個妹妹和兩個弟弟"
"187","小女孩活潑好動"
"188","喜歡纏著阿公"
"189","家人讓她讀幼稚園"
"190","當時是多麼奢侈難的事情"
"191","她老著想和阿公一起養鵝"
"192","半個月就不去了"
"193","拿心愛的孫女沒辦法"
"194","到了該上小學的年紀時"
"195","走約四十分鐘的路程"
"196","連續三天背著她"
"197","每當阿公要離去時"
"198","她總扯著他的衣角"
"199","枉費我背了你三天啊"
"200","張貼影片"
"201","寫寫網誌"
"202","聽見自己肚子的咕嚕聲"
"203","她笑了一下"
"204","回家後才開始煮飯"
"205","等到在田裡工作的人回家"
"206","怎麼只有你一個人"
"207","她在娘家吃飯"
"208","怎麼會有這麼懶惰的人"
"209","在外面吃完就沒事"
"210","也不想想家裡的人還沒吃飯"
"211","聽到母親的叨念"
"212","他知道她動怒了"
"213","他大步走著"
"214","他二話不說"
"215","拉住她的手往回走"
"216","怎麼了？"
"217","這麼趕做什麼"
"218","對這突然的舉動來不及反應"
"219","被他拉著往前"
"220","步伐踉蹌"
"221","險些跌倒在地"
"222","險些跌倒在地"
"223","妳為什麼要回家吃飯"
"224","我就回去了啊"
"225","我媽叫我回去吃"
"226","一路上他不再出聲"
"227","她心裡隱隱覺得不妙"
"228","身上便受到重重一擊"
"229","語音未落"
"230","身上受到重重一擊"
"231","她承受不住"
"232","身體向後倒"
"233","狠狠撞上紅磚牆"
"234","妳不知道家裡飯還沒煮嗎"
"235","難道妳要他一個人煮全家人的飯"
"236","有人媳婦這樣當的嗎"
"237","她還是咬著牙站起身"
"238","往廚房走去"
"239","她做事更加謹慎小心"
"240","自從那事件後"
"241","做事更加謹慎小心"
"242","思索著如何料理晚餐"
"243","手上不忘繼續挖番薯"
"244","頓時"
"245","她覺得腹部劇痛"
"246","一陣天旋地轉"
"247","她感到全身無力"
"248","趴倒在地"
"249","大家察覺到她狀況有異"
"250","連忙將在附近工作的母親找來"
"251","她緊張的扶住她"
"252","看著女兒表情難過"
"253","心裡也是心疼"
"254","決定帶她到北港看醫生"
"255","接連搭車趕到了醫院"
"256","漸漸恢復體力"
"257","你真的嚇到我了"
"258","一番折騰後"
"259","她回到家裡"
"260","不知走去哪玩啊"
"261","其他人都在忙"
"262","我媽帶我去看醫生"
"263","默默望著公公不理解的表情"
"264","她心裡十分難過"
"265","婚後一年"
"266","生了個女嬰"
"267","高興地迎接新生命的到來"
"268","她也希望她能平平安安地長大"
"269","她在一歲多時感染白喉桿菌"
"270","高燒不退"
"271","用盡了所有方法都無法讓她好轉"
"272","無助的他們"
"273","馬上趕過去"
"274","很會醫喉嚨方面的病"
"275","聽說北港有個人"
"276","不時拍拍她"
"277","要安撫她的心情"
"278","乖，很快就沒事了"
"279","她不停對女兒重複這句話"
"280","聽起來簡直像在安慰自己"
"281","車程感覺比平常更漫長"
"282","已經急的冒出汗"
"283","聽到這消息"
"284","她幾乎癱軟在地"
"285","眼淚都快流出來了"
"286","帶她到嘉義看醫生吧"
"287","快點啊"
"288","搭著計程車到那邊"
"289","空氣像凍結一樣"
"290","不停從她臉頰滑落"
"291","只有無聲的淚"
"292","終於他們到了醫院門口"
"293","眾人呆站在外"
"294","看她會不會像女兒小時候一樣"
"295","怎麼會這樣"
"296","他們默默地準備後事"
"297","他還是不時去摸摸小孩"
"298","風從他們身邊吹過"
"299","他們的心像凍結成冰"
"300","在去世的一年後"
"301","她生下了一名男嬰"
"302","二十四歲時"
"303","再度生下小女嬰"
"304","後來又"
"305","第二個兒子也出生了"
"306","她除了要幫忙農事，還得照顧孩子"
"307","她在燒完飯後回到房間"
"308","想要哄小兒子睡"
"309","她坐在床邊哼著搖籃曲"
"310","輕輕拍著寶寶的頭"
"311","眼神十分柔和"
"312","過了許久"
"313","卻沒人回應"
"314","不想踏入廚房"
"315","他有點惱"
"316","起身在家裡找人"
"317","他看見她在房間裡"
"318","便想叫她去燒熱水"
"319","我正在哄小孩睡"
"320","我都找不到她"
"321","家裡沒別人了"
"322","你等一下再回來就好了"
"323","心理微微不悅"
"324","小兒子近來總睡不好"
"325","被指使去做其他事情"
"326","他找不到你們"
"327","我出來找找"
"328","不在這裡會在哪裡啊？"
"329","都要向妳報備嗎？"
"330","難道以後我出門"
"331","我不是這個意思"
"332","只是有點擔心你們"
"333","勞你費心了"
"334","她直覺認為別再待下去比較好"
"335","向鄰居打聲招呼後回家了"
"336","我又做了讓你不高興的事嗎"
"337","對她有什麼偏見或不滿"
"338","如果不這麼解釋"
"339","她三十歲時生了最小的女兒"
"340","家裡依然傳統"
"341","由他掌管財務"
"342","成員賺的錢都需要繳給他"
"343","孩子漸漸長大"
"344","有時候需要買些文具等用品"
"345","妳來幫我工作"
"346","我一天算二十塊給妳好不好"
"347","她的勤勞和工作效率，是鄉里間都知道的"
"348","平時常有人請她幫忙"
"349","她不假思索地答應了"
"350","幫忙了三天"
"351","她拿到六十元"
"352","拿著裝錢的紙袋"
"353","留些錢需要時比較方便"
"354","抽出一百元"
"355","爸爸一個人"
"356","這五十塊給你"
"357","小孩有時需要用錢"
"358","我拿十塊就好"
"359","馬上露出怒色"
"360","那五十塊就給你了"
"361","你要給誰我沒有意見"
"362","這句話激怒了他"
"363","他認為自己是一家之主"
"364","握有掌控權"
"365","找不到其他惹你不高興的理由"
"366","無可奈何"
"367","她想多照顧她"
"368","決定向媽媽拿些錢放在身邊"
"369","小心翼翼地將錢收在抽屜裡"
"370","你有拿放在抽屜裡的錢嗎？"
"371","怎麼可能"
"372","大人沒拿"
"373","難道會是鬼拿走了嗎"
"374","妳那句話什麼意思"
"375","我說沒拿就沒拿啊"
"376","她呆愣了一下"
"377","她知道她又不小心說錯話了"
"378","無法避免的她又被痛打了一頓"
"379","你們是在做什麼"
"380","不要再打了"
"381","他的堂哥聽到他們的爭執聲"
"382","身上的傷傳來陣陣劇痛"
"383","前來勸架"
"384","整個下午她依然哭個不停"
"385","妳怎麼了"
"386","怎麼眼睛哭的那麼腫"
"387","她背上都是嚴重的傷痕"
"388","看起來怵目驚心"
"389","她的臉色都沉了下來"
"390","馬上坐車去市區買藥回來"
"391","表情都十分嚴厲"
"392","他只是站著沉默不語"
"393","農家需要靠天吃飯"
"394","要收成的農作就全毀了"
"395","颱風一來"
"396","利潤也不算高"
"397","覺得沒有賺到很多錢"
"398","他外出買東西"
"399","旁邊的人在說買賣很好賺"
"400","好奇的過去了解更多情況"
"401","聽說隔壁庄那個人賺了不少啊"
"402","聽了十分心動"
"403","滿腦子都在思考可能性"
"404","不要擔心啦"
"405","應該不會太難"
"406","可是錢從哪裡來？"
"407","做生意都要先有一筆錢"
"408","錢不是問題"
"409","可以找爸爸商量"
"410","他決定要做生意"
"411","說服爸爸分家產"
"412","後來他也同意了"
"413","妳為什麼要哭"
"414","有錢了就要好命了啊"
"415","年輕人可以搬出去住了"
"416","傻啊，擔心什麼？"
"417","不會有什麼事的"
"418","別哭"
"419","不要再擔心了"
"420","向鄰居親戚借錢"
"421","保證會給利息"
"422","生意剛剛起步"
"423","都去了解一番"
"424","他常常不回家"
"425","她很擔心"
"426","她把在睡覺的大女兒叫醒"
"427","把作生意用的準備金賠光了"
"428","向村裡的人借錢"
"429","欠了他們一百多萬"
"430","一棟房不過十二三萬"
"431","一百多萬"
"432","是極度龐大的數字"
"433","根本不可能有錢還他們"
"434","不得以倉皇逃到台北"
"435","簡單的收拾行李"
"436","沒有多餘的位子"
"437","暫時安頓下來"
"438","在做帽子的工廠工作"
"439","努力賺錢"
"440","償還那筆龐大的債務"
"441","以為搬到台北能夠躲過討債"
"442","有人大力的撞門"
"443","她心裡非常害怕"
"444","一定想辦法先湊點錢"
"445","她每天帶小女兒走路上學"
"446","到山頂的工廠工作"
"447","怎麼沒有看到舅舅"
"448","小孩的童言童語"
"449","淡淡的笑了"
"450","媽媽"
"451","怎麼我們家的米那麼難吃"
"452","要維持生活開銷不容易"
"453","當然只能買最便宜的"
"454","就買好一點的給孩子吃吧"
"455","也不會貴多少啊"
"456","心裡十分難過"
"457","她默默的點頭"
"458","自責不能給孩子好一點的東西"
"459","讓他們過著苦日子"
"460","最近聽說工廠要收掉了"
"461","可能會失去工作"
"462","十分緊張"
"463","家裡絕對不能再缺少這份薪水"
"464","兩個女兒開心地把玩項鍊"
"465","翻來翻去的看"
"466","姊姊快幫我戴項鍊"
"467","笑著試戴自己的項鍊"
"468","妳們喜歡就好"
"469","乖乖待在房裡寫功課"
"470","當功課都做完後，她走到客廳"
"471","客廳都沒開燈"
"472","沉默地坐在黑暗中"
"473","怎麼不開燈啊"
"474","不用了"
"475","不去和他們聊天嗎？"
"476","他默默搖頭"
"477","覺得更怪了"
"478","為什麼你最近晚上都作夢"
"479","喊著什麼"
"480","一開始我是贏錢的"
"481","贏了不少啊"
"482","有錢幫你們買金項鍊"
"483","不要殺我"
"484","日本的"
"485","像突然被丟進大冰桶一樣"
"486","她幾乎無法呼吸"
"487","在七度的低溫中去瀑布祈願"
"488","為了賺錢"
"489","想說再把錢贏回來"
"490","沒想到越輸越多"
"491","我只是想要讓你們過好日子"
"492","你媽媽也不用那麼辛苦的工作"
"493","也許是因為害怕"
"494","也許是因為後悔"
"495","他痛哭起來"
"496","看著爸爸在面前哭的那麼無助"
"497","她也放聲大哭"
"498","真的不知道該怎麼辦"
"499","不行"
"500","一定要想個辦法"
"501","揉揉眼睛"
"502","頭也不回地往叔叔家跑去"
"503","他們一定會有辦法的"
"504","一陣子沒看到妳"
"505","妳都這麼大了"
"506","所有的人都被她嚇到了"
"507","說完事情的經過"
"508","再也說不出話來"
"509","全場一片死寂"
"510","只剩哭泣聲"
"511","幾乎快暈了過去"
"512","之前欠的錢還沒還完"
"513","自小感情就很好的表弟"
"514","大姑姑說服兒子"
"515","她非常疼他"
"516","表弟開了間工廠"
"517","賺了很多錢"
"518","二十幾萬"
"519","像在黑暗中看見一線光芒"
"520","對他而言"
"521","他們的交情"
"522","一定會出手相救"
"523","他的回答令她十分震驚"
"524","足以負擔的數目"
"525","不能放棄"
"526","三番兩次的去"
"527","希望他能夠改變心意"
"528","你不借我們錢的話"
"529","揚言要斷手斷腳"
"530","錢我以後一定會還你的"
"531","我做牛做馬都會"
"532","現在生活是過得不錯"
"533","都是我腳踏實地賺來的辛苦錢"
"534","只有一種人我絕對不會給他半毛錢"
"535","賭博的人"
"536","你知道錯了啊"
"537","救救他這一次吧"
"538","算我求你了"
"539","原來會記錄你的開信習慣"
"540","結果就一共買了三本"
"541","借兩萬塊給她應急"
"542","你也不要讓姐姐求那麼久"
"543","就先借她吧"
"544","你是有能力的不是嗎"
"545","他也不是完全不念舊情的人"
"546","他終於同意了"
"547","我在蘆洲有一棟房子"
"548","一樓當倉庫用"
"549","樓上可以給你們住"
"550","你們搬過去"
"551","這邊的房子不用再繳租金了"
"552","可以省一筆錢"
"553","一家搬往台北蘆洲"
"554","搬了住處"
"555","還是再度找上門"
"556","已經超過一個月"
"557","沒有發生發不動的問題"
"558","賭場討債更加兇狠、更加惡劣"
"559","一家人都生活在恐懼之中"
"560","賣掉從父親那裡繼承的三分地"
"561","一切都歸零了"
"562","一家子選擇從頭開始"
"563","小女兒國小畢業"
"564","搬到花蓮"
"565","跟開店的姑媽一起住"
"566","一邊幫忙店裡的買賣"
"567","過年回鄉下外公家"
"568","這樣他們可以省下一筆房租"
"569","住三四天"
"570","常常佔他們便宜"
"571","有時會覺得無聊"
"572","時常發生小摩擦"
"573","她能忍則忍"
"574","畢竟他們是借住在別人屋簷之下"
"575","就是看不慣他"
"576","他曾經背下大筆債務"
"577","她極度瞧不起他"
"578","她常常說話尖酸刻薄"
"579","完全不尊重他"
"580","最後他終於忍不住了"
"581","雙方情緒都不是很好"
"582","我們搬出去吧"
"583","我們是來借住的"
"584","沒有選擇機會"
"585","正巧有人在蓋房子"
"586","這地點看起來不錯啊"
"587","兩個人認真的討論起來"
"588","新家落成"
"589","親戚都來了"
"590","都十分高興"
"591","聚在一起唱歌喝酒"
"592","你們總算買了房子"
"593","我心裡真的非常高興"
"594","你們之前搬來搬去"
"595","現在總算有穩定落腳的地方"
"596","這房子也是貸款買來的"
"597","我們還有很多貸款要還"
"598","有了房子就是有一個家"
"599","幾年來東搬西搬"
"600","日子十分不安穩"
"601","現在有了房子"
"602","有了家"
"603","一切都像是重新開始"
"604","一切又充滿了希望"
"605","後來也結婚了"
"606","不久生下了女兒"
"607","這陣子聽說他開始工作了"
"608","那間工廠因營運不善要裁員"
"609","努力尋找"
"610","幾天後好不容易找到了"
"611","環境也十分的惡劣"
"612","他每天早出晚歸"
"613","努力想做好那份工作"
"614","弄得全身傷痕累累"
"615","幾天下來"
"616","她終於病倒了"
"617","她掛念著工作不能沒有人做"
"618","叫大兒子代替她去一天"
"619","擔心兒子有沒有好好工作"
"620","傍晚"
"621","兒子回來了"
"622","妳不要再去那裡了"
"623","那個粗重的工作"
"624","是給男人做的啊"
"625","那怎麼行"
"626","我們家還是需要錢啊"
"627","再這樣下去妳身體會弄壞的"
"628","十分堅持"
"629","現在也不是那麼缺錢了"
"630","妳可以不用工作的那麼累"
"631","反正孫女也出生了"
"632","不如把工作辭掉"
"633","回來帶小孩吧"
"634","她同意了"
"635","五十歲時"
"636","檢查發現得了糖尿病"
"637","從此飲食都需要非常注意"
"638","她六十歲時"
"639","孫子也都大了"
"640","她開始想搬回鄉下住"
"641","二兒子抽菸、酗酒"
"642","時常發酒瘋"
"643","後來越來越變本加厲"
"644","房貸付不出來"
"645","他妻子受不了而選擇離婚"
"646","把兩個女兒一起帶走"
"647","他們心疼小兒子居無定所"
"648","每天陪她到醫院做復健"
"649","照顧得無微不至"
"650","還記得我小時候"
"651","我們家習慣看第四台"
"652","到了鄉下沒有第四台可以看"
"653","我們家三個小孩"
"654","我們特別回鄉下"
"655","幫外公慶祝父親節"
"656","買了很多小蛋糕"
"657","我們要離開時"
"658","有點累了想先休息"
"659","後來就竟然檢查出肺癌"
"660","已經接近末期"
"661","這對全家人都是晴天霹靂的消息"
"662","經過接近一年的治療"
"663","病情只是每下愈況"
"664","小聲向媽媽抱怨"
"665","沒有第四台可以看"
"666","外公痛苦不堪"
"667","在病床上劇烈扭曲著"
"668","他沒有辦法說話"
"669","眼神如此無助"
"670","在我高一時"
"671","每週六學校為特別班加課"
"672","就進去吃"
"673","我和朋友邊聊天邊吃午餐"
"674","接到爸爸打來的電話"
"675","外公去世了"
"676","妳趕快回來"
"677","我們要去鄉下"
"678","咖啡加上點心"
"679","外婆格外沉默"
"680","清晨時我起床"
"681","隔天早上"
"682","中國有自由和民主"
"683","聽在耳裡多麼令人心痛不捨"
"684","一切安頓完成"
"685","還是希望能住在鄉下"
"686","能將外婆接到我們家住"
"687","媽媽其實希望"
"688","我們家附近沒有適合的醫院"
"689","讓行動不便的外婆復健"
"690","平日我的爸爸媽媽都要工作"
"691","沒有適合的房間"
"692","外婆住在台北的大舅舅家"
"693","大女兒也住台北"
"694","有空時會去跟外婆聊聊天"
"695","小兒子留在鄉下居住"
"696","外公不在了"
"697","外婆還是很堅強"
"698","她說大舅舅很孝順"
"699","孫子孫女們也都是好孩子"
"700","她較喜歡鄉下的生活"
"701","她還是在台北過的很好"
"702","外婆是喜歡說故事的人"
"703","平時沒有人聽她說"
"704","我希望寫她的故事"
"705","她的聲音好高興"
"706","每當我打著文章時"
"707","腦海總是浮現這句話"
"708","阿嬤老了"
"709","記不起來了"
"710","對不起啊"
"711","沒關係"
"712","慢慢想"
"713","時間還有很多啊"
"714","我可以慢慢聽妳說"
"715","中風前"
"716","才是文明病的主因"
"717","高糖高鹽不運動"
"718","一步一步"
"719","我們勸她出去曬曬太陽"
"720","她還是拒絕了"
"721","她怕大家也變得不方便"
"722","自己跟去"
"723","於是自己慢慢走回屋內"
"724","看著外婆落寞的身影"
"725","心裡覺得有點淒涼"
"726","這是一個測試的句子"
"727","鋸子放在哪裡"
"728","伺服器出現異常"
"729","眾多網友無法進入"
"730","可以天天看正妹啦！"
"731","祭品文更是不勝枚舉"
"732","主要概念就是要"
"733","設計一個專屬的行動介面"
"734","桃園新竹與宜蘭假日哪裡好玩"
"735","清明節連假要到了"
"736","準備去哪裡玩"
"737","帶雙親前往澳門輸到脫褲"
"738","說個笑話給你聽"
"739","過勞不會出人命"
"740","這不失為一個機會教育的好機會"
"741","才發現"
"742","回到家又心血來潮寫了一篇文"
"743","第一天知道這東西叫作漢堡"
"744","但是看起來不多呀"
"745","這週進度可以說很多"
"746","公司被勞工局查到"
"747","漏給加班費"
"748","新店家樂福要開始動工嘍"
"749","雖然最終結果會是正確的"
"750","整個顯示就是一個亂啊"
"751","下班一有空"
"752","終於今天搞定了"
"753","費了好一番功夫"
"754","昨天爬四聖山"
"755","有條狗塞在裡面"
"756","跟好朋友野餐"
"757","遇到客戶跑來散步"
"758","有人在搶衛生紙搶到打架"
"759","聽同事說"
"760","真心覺得這種行為很愚蠢"
"761","商人屯好貨"
"762","就等消息一出大賺特賺"
"763","愚民就是被收割"
"764","這個東西好像"
"765","就是我尋找已久想要的東西"
"766","北海道哈密瓜真的不怎麼樣"
"767","那邊賣的蘋果真的好吃"
"768","柿子也不錯"
"769","草莓聽說不錯"
"770","還沒二十歲的偶像"
"771","這是一個坑盤子的時代"
"772","講了一些日文以後"
"773","她問我從哪裡來的"
"774","我說台灣"
"775","巴士應該在哪裡搭？"
"776","零下十四度是哪招啦"
"777","四包暖暖包都用上了"
"778","看起來性能也沒差很多"
"779","現在的新筆電"
"780","重量也是沒差多少"
"781","新聞總是大吹特吹"
"782","我現在看到的場景"
"783","真的是有八七分像"
"784","今年所有的活動都結束啦"
"785","笑死了"
"786","一堆人在上通識課"
"787","太少的資源"
"788","太多的工作"
"789","一直到了前兩天我才知道"
"790","明天去新北耶誕城嗎？"
"791","機車換了電瓶以後"
"792","真的是電瓶問題"
"793","廣告也太多了吧"
"794","這個國家好像沒有其他正經事可做"
"795","喝久了小七的咖啡"
"796","今天喝到麥當勞"
"797","怎麼感覺很難喝？"
"798","出事情切割"
"799","政客的特點就是"
"800","事情成功馬上說自己也有功勞"
"801","今天的七星山讚"
"802","七星主峰更勝東峰"
"803","我覺得很不錯的解釋"
"804","除了傻眼還是傻眼"
"805","薪資上漲"
"806","不能每年換車很不方便"
"807","很不方便"
"808","台北市也會停電"
"809","坊間真的有很多不錯的書可以讀"
"810","寫的不好的也是一籮筐"
"811","一個下午就買了三本書"
"812","因為看了試閱版本"
"813","越看越起勁"
"814","後來才知道這本書已經絕版"
"815","想要去金石堂買這本書的再版"
"816","在書店看書打發時間"
"817","看了兩本很有興趣的書"
"818","沒人有空跟我去"
"819","所以我就自己去了"
"820","查了一下記錄"
"821","線斷了去換線"
"822","這明明超簡單好嗎"
"823","有沒有電一量就知道"
"824","機車發不動的問題"
"825","最近又開始了"
"826","大燈莫名燒掉"
"827","再來是儀表板"
"828","結果隔天就發不太起來"
"829","今天也一樣不順"
"830","原來如此啊"
"831","弄出來基本功能了"
"832","近幾年真的都是吹泡泡元年"
"833","現在看起來都是笑話"
"834","第三波工業革命"
"835","車庫研發"
"836","傳統製造業的救星"
"837","新店好像蠻多地方停電了"
"838","太多的事情"
"839","還需要時間來放空"
"840","沒時間摟"
"841","居然還會有人覺得這個國家很好"
"842","在星期五早上"
"843","所有的事情一起爆出來"
"844","學了又用不到"
"845","還有那麼高的機會被淘汰"
"846","自己念了三年高中白白浪費"
"847","過多的碳水化合物"
"848","有一種聲音響起"
"849","就這樣喔"
"850","請問一下有不錯的ㄟ ＰＰ嗎"
"851","好好的做功課"
"852","學會自己判斷"
"853","在台灣"
"854","排隊等待"
"855","大家能充分利用時間"
"856","分秒不空過"
"857","我昨天遇到九九九"
"858","陪我打集會所"
"859","他們都射一射就死了"
"860","聽說是世界上最有公信力的獎"
"861","問過身邊的人沒一個有聽過的"
"862","也只有一票直銷的東西"
"863","google下去"
"864","這東西的公信力在哪裡"
"865","誰能好心告訴我"
"866","這到底是不是個笑話"
"867","有很突兀的轉折"
"868","世界上第二有公信力的"
"869","這本書的英文原名也沒那麼聳動"
"870","簡單講就是"
"871","每個角色都有戲份"
"872","鋪陳得很好"
"873","角色情緒處理的也很不錯不"
"874","都是有道理的"
"875","去小樽的列車"
"876","要坐在右側才可以看海"
"877","回程要坐在左側"
"878","烏賊絲很好吃"
"879","買了兩包"
"880","很意外會有紅茶"
"881","買了干貝乾貨"
"882","三十幾個"
"883","超便宜"
"884","買了旁邊很像魷魚絲的東西"
"885","好吃"
"886","又回去買了兩包"
"887","一下子就逛完了"
"888","小樽運河和倉庫"
"889","跑去吃一間古色古香的店"
"890","咖啡好喝"
"891","點心也很好吃"
"892","紅豆餡甜而不膩"
"893","麻糬口味很Q"
"894","我們決定"
"895","明天早上喝咖啡當早餐"
"896","逛完倉庫和運河了"
"897","它基本上就是一個開口比較寬的氣球"
"898","早上十點半開始"
"899","到晚上六點最後一班"
"900","後來跑去逛商店街"
"901","好多玻璃工廠"
"902","還有飾品"
"903","明天當早餐"
"904","進去裡面吃冰淇淋"
"905","超棒的"
"906","還送兩杯咖啡"
"907","牛奶超濃郁"
"908","泡芙一顆九十日幣"
"909","又跑去買冰淇淋三明治"
"910","又送兩杯咖啡"
"911","買了六花亭的好多巧克力當伴手禮"
"912","買了生巧克力"
"913","好好吃"
"914","還有起司蛋糕"
"915","車站旁邊的大賣場"
"916","裡面有唐吉柯德和大創"
"917","暖暖包超便宜"
"918","我們去了港口"
"919","結果沒啥可以看"
"920","決定不坐船了"
"921","時間不足"
"922","直奔富士山"
"923","途中開始下雪了"
"924","我們買了巴士票"
"925","巴士來了就趕快上車"
"926","一位小姐跑來"
"927","跟我們確認要去那站"
"928","這班巴士原來是遊覽小樽市的巴士"
"929","一對日本情侶也搭錯車"
"930","好好笑"
"931","山路上開始下雪"
"932","山上雪更大"
"933","我們坐了纜車"
"934","來回一千兩百日幣"
"935","風雪很大"
"936","身上都是雪"
"937","等一下看看會不會有夜景"
"938","最後還是沒有"
"939","我們坐纜車下山"
"940","我們等公車"
"941","繼續拍照玩雪"
"942","我覺得媽媽有點冷"
"943","給她貼了暖暖包"
"944","等了一會兒巴士終於來了"
"945","剛剛中國人說還要十幾分鐘"
"946","我怕會等很久"
"947","搭了巴士到了車站"
"948","我們跑去大賣場休息"
"949","直奔去吃螃蟹吃到飽"
"950","因為我也吃不下了"
"951","叫了等於浪費"
"952","一個光頭服務生"
"953","來收桌子"
"954","我對他很禮貌"
"955","吃完飯後差點忘了"
"956","幸好後來服務生還幫我送來"
"957","去便利商店買濾掛式咖啡"
"958","牛奶"
"959","布丁"
"960","草莓歐蕾和紅茶歐蕾"
"961","歐蕾飲料"
"962","只吃了布丁"
"963","肚子咕嚕咕嚕叫"
"964","也沒什麼事情"
"965","早上六點半才起床"
"966","到二條市場吃早餐"
"967","找到一間餐廳在市場裡面"
"968","原訂五十分的車"
"969","等到三十四分都還沒到"
"970","牡丹蝦"
"971","海膽"
"972","鮭魚"
"973","鮭魚卵"
"974","還有黃金魚蛋"
"975","店員建議我們點味噌湯"
"976","一碗不便宜"
"977","要三百日圓"
"978","裡面有海瓜子"
"979","離開店時間還有兩個小時"
"980","雖然我們吃很慢"
"981","我們找地方要喝咖啡"
"982","本來想去麥當勞"
"983","我覺得麥當勞不便宜"
"984","看到有摩斯"
"985","一杯才台幣六十五"
"986","遇到續杯免費"
"987","運氣很好"
"988","十點半以前"
"989","終於熬到十點"
"990","馬上去旁邊買休足時間"
"991","托我買的藥"
"992","再繞去買羽絨衣"
"993","去車站"
"994","排隊排了一票人"
"995","我還以為自由席會沒位子"
"996","還好有位子"
"997","幫忙用英文叫大家進去"
"998","我以為要出站再進站"
"999","我們趕快衝去買吃的"
"1000","看到有小七"
"1001","後來發現其實我們根本不用出站"
"1002","已經幫我們買完票了"
"1003","聰明的小姐"
"1004","直接搭就對了"
"1005","到時候要怎麼出站就不知道"
"1006","有兩張票"
"1007","我們衝到一號月台搭車"
"1008","車子好小一台"
"1009","只有一節車廂"
"1010","超滿載"
"1011","我們擠上車後站在門口"
"1012","還有十幾個人要上車"
"1013","司機跟車內的人廣播"
"1014","請大家往裡面走"
"1015","站在車門旁邊的一個老杯杯"
"1016","最後還說謝謝大家的配合"
"1017","這邊完全變成銀白世界"
"1018","公車還有一段時間"
"1019","我們在風雪中邊走邊吃"
"1020","鮭魚飯糰"
"1021","三明治"
"1022","甜甜圈"
"1023","蜂蜜蛋糕"
"1024","後來繞回公車站"
"1025","我們跟著人群走"
"1026","一路超冷"
"1027","走了大概六分鐘"
"1028","已經全部結冰"
"1029","但是點燈打上去很漂亮"
"1030","我們大概拍了三十分鐘的照片"
"1031","因為太冷就自己關機了"
"1032","我還以為沒電"
"1033","我這邊三顆電池也用光了"
"1034","錄影真的超耗電"
"1035","公車要等四十分鐘"
"1036","他們要上山回飯店"
"1037","至少車上有暖氣"
"1038","一人一萬日元"
"1039","一人以上五人以下"
"1040","一下子就逛完了"
"1041","一切都妥當惹拉"
"1042","一包四塊台幣"
"1043","一年後"
"1044","一早六點就起床"
"1045","一百六十個披薩"
"1046","一定可以擺脫困境"
"1047","一杯才台幣五十"
"1048","一直到了前兩天"
"1049","一段五百號"
"1050","一個小姐跑上來"
"1051","一個中國人"
"1052","一座國家公園"
"1053","一針一線"
"1054","一堆人下車"
"1055","一堆韓國人"
"1056","一盒八百八"
"1057","一開始以為來了"
"1058","一間公司變好"
"1059","一碗不便宜要三百日圓"
"1060","一樓二樓都有置物櫃"
"1061","一邊讀書"
"1062","九十八之七號"
"1063","九十日幣"
"1064","了解更多情況"
"1065","二兒子"
"1066","二段一百二十三之四號"
"1067","人生就像當詐騙集團一樣"
"1068","人性中最美的那一面"
"1069","人資小周末創辦人"
"1070","人類建立屠宰場"
"1071","就是為了吃豬肉"
"1072","人體研究倫理審查委員會"
"1073","入境大樓"
"1074","入職必修課"
"1075","八小時後出貨"
"1076","十分意外"
"1077","十分瞧不起他"
"1078","又看了兩本也很有興趣的書"
"1079","三大行業"
"1080","上週開始跑健身房"
"1081","下一班要等六十分鐘"
"1082","下次給我注意一點！"
"1083","下班公車要等四十分鐘"
"1084","也只有一票"
"1085","也有空襲以及戰亂"
"1086","也有很多解決克服的方法"
"1087","也有點扯"
"1088","也沒那麼聳動"
"1089","也來等車"
"1090","也放聲大哭"
"1091","也都是好孩子"
"1092","也發現一些問題"
"1093","也離她而去"
"1094","叉路口的涼亭"
"1095","土地的有效利用"
"1096","大同大同服務好"
"1097","大同股份有限公司"
"1098","大步跨過來"
"1099","大兒子"
"1100","大家也變得不方便"
"1101","大家好！"
"1102","大家好開心"
"1103","大家冷的要死"
"1104","大概拍了三十分鐘照"
"1105","大概是來不及了"
"1106","大學"
"1107","大學在學生"
"1108","大學青年職場體驗實習"
"1109","大燈莫名燒掉"
"1110","大賺特賺"
"1111","女性仍負擔家庭照顧的主要角色"
"1112","小的果然太弱"
"1113","小孩沒拿"
"1114","小時候"
"1115","小時候過年"
"1116","小編"
"1117","山上很涼"
"1118","山上開始下雪"
"1119","工作並不輕鬆"
"1120","工作職掌"
"1121","工業工程"
"1122","工廠最近賺錢"
"1123","已經幫我們買完票了"
"1124","才不到九顆氣球"
"1125","才可申請參加"
"1126","才有車子來"
"1127","才找到"
"1128","才能到纜車站"
"1129","才開始煮飯"
"1130","才對"
"1131","不以自有或承租農地為必要"
"1132","不可多得的景觀城市"
"1133","不可能是他們"
"1134","不在了還是很堅強"
"1135","不利於修改"
"1136","不足七人"
"1137","不知道公車怎麼搭"
"1138","不要忘了"
"1139","不要把難做的事都安排給我"
"1140","不能給孩子好一點的東西"
"1141","不停重複這句話"
"1142","不得不"
"1143","不得以逃到台北"
"1144","不然肯定骨折"
"1145","不會有很突兀的轉折"
"1146","不會賺得比老闆多"
"1147","不過這不失為一個機會教育的好機會"
"1148","不論發生什麼事"
"1149","不錯吧"
"1150","不斷傳達蜘蛛人堅持的信念"
"1151","不斷衝擊我們的信念"
"1152","不願意"
"1153","中午都逛完了"
"1154","中央目的事業主管機關查核"
"1155","中國人在等車"
"1156","五巷三十六號"
"1157","今天是除夕"
"1158","今日我們受人點滴"
"1159","公車還要再等五十分鐘"
"1160","分析探索自我的方法"
"1161","化療插管"
"1162","午餐時"
"1163","天氣即時預報粉絲團"
"1164","天氣超好"
"1165","天還沒全黑"
"1166","心中的委屈"
"1167","心疼小兒子"
"1168","心裡非常害怕"
"1169","心裡隱隱覺得不妙"
"1170","方便省時又營養"
"1171","日子不再像以往輕鬆"
"1172","水是怎樣"
"1173","世界上最有公信力的獎"
"1174","主要概念就是"
"1175","主動開放空間給災民使用"
"1176","他日我們必當湧泉以報"
"1177","他好奇的過去"
"1178","他自己也十分清楚"
"1179","他和她的表情都十分嚴厲"
"1180","他的腳爪整天都在滑倒"
"1181","他後來跑去打她兩個耳光"
"1182","他們不會救災"
"1183","他們去年結婚"
"1184","他們可以做早餐"
"1185","他們都十分高興"
"1186","他們發現"
"1187","他們說"
"1188","他們暫時安頓下來"
"1189","他根本不可能有錢還"
"1190","他常常凌晨三點起來"
"1191","他常常聽不懂我在講啥"
"1192","他都在睡覺"
"1193","他就決定住下來"
"1194","代表全體同仁致上最高的謝意！"
"1195","以女性為大宗"
"1196","以他們的交情"
"1197","以免吃虧上當"
"1198","以空手道隔離群眾"
"1199","以前自己對她很不好"
"1200","以前瞻的視野縝密規劃"
"1201","以後不帶妳去了"
"1202","以為妹會理你"
"1203","以貨到付款方式"
"1204","以電話關懷"
"1205","以滿足居民的心靈"
"1206","充滿了愛和團結"
"1207","充滿就業前景的職缺"
"1208","冬天沒有蟲子"
"1209","出席委員"
"1210","出席國際會議"
"1211","出站後"
"1212","出發前往北海道"
"1213","功課都做完後"
"1214","加快產業轉型升級"
"1215","加班加到死"
"1216","加班費漏給"
"1217","加強交通工程建設"
"1218","加強保護少年"
"1219","加強城市外交"
"1220","加強推動照明改善工作"
"1221","加強都市更新"
"1222","加強學生安全管理"
"1223","加速醫療院所工程"
"1224","北市就服處臺北青年職涯發展中心"
"1225","北投就業服務站"
"1226","去札幌啤酒博物館"
"1227","去年不是換電瓶"
"1228","去求情"
"1229","去那邊也沒看到"
"1230","去青池看點燈"
"1231","去洗溫泉"
"1232","去看白鬍鬚瀑布"
"1233","去剛剛的金庫那邊等車"
"1234","去做天下所有事"
"1235","古典音樂"
"1236","另一方面"
"1237","另行謀職"
"1238","只有熱水"
"1239","只花了兩天就搞定了升級"
"1240","只是一塊易碎的玻璃罷了"
"1241","只是站著沉默不語"
"1242","只要有暖氣"
"1243","叫了一隻一起吃"
"1244","叫來等於浪費"
"1245","叫做天佑花蓮"
"1246","叫媽媽去買票"
"1247","召開一般程序審查會議"
"1248","可上台北就業大補帖查詢"
"1249","可以走出創痛"
"1250","可以貼在手機殼後面"
"1251","可以搬出去住了"
"1252","可行性較高"
"1253","台中市南屯區萬和路"
"1254","台北市文山區木新路"
"1255","台北市具有高度人文氣息"
"1256","台北市是政經決策中樞"
"1257","台北市蘊藏著無限的潛力與生機"
"1258","台灣國際藝術節"
"1259","台灣被資方綁架這麼深"
"1260","司機不知道我在哪"
"1261","四個小孩"
"1262","外出買東西"
"1263","外面大雪紛飛"
"1264","外面繞了一圈"
"1265","外婆行動還算順利"
"1266","失業率降到十七年來的新低點"
"1267","奶奶的離去"
"1268","奶香很濃郁"
"1269","平安健康"
"1270","平安寧靜"
"1271","平均月薪為兩萬八"
"1272","平時他較晚吃晚餐"
"1273","平常"
"1274","必須六十五歲以下"
"1275","必須躲在載貨的地方"
"1276","打造台北市"
"1277","打戲特效一百分"
"1278","未具自耕農加保資格"
"1279","未恢復原職"
"1280","本次徵才"
"1281","本來的主要目標是"
"1282","本來想爬上去"
"1283","札幌地下街"
"1284","正巧母親往外探頭"
"1285","正要去房間小床睡覺"
"1286","正職機會"
"1287","民族路"
"1288","民眾求償無門"
"1289","永遠記得患難中的真情"
"1290","生物醫學科學背景"
"1291","用帆布罩住"
"1292","用哪一種方法釐清自我"
"1293","用衛星在太空上網"
"1294","申請育嬰留職停薪者"
"1295","白金溫泉"
"1296","白胖的小臉睡的香沉"
"1297","立法院圍牆"
"1298","任其侵入立法院"
"1299","企業資深輔導人制度"
"1300","企業釋出職缺準備搶人"
"1301","休足時間"
"1302","先到外面拍照玩雪"
"1303","全力取締非法電動玩具"
"1304","全世界其他地方的華人"
"1305","全身都是雪"
"1306","全面強化不足的基礎建設"
"1307","全聯實業股份有限公司"
"1308","共享經濟成長的果實"
"1309","吃了布丁肚子咕嚕叫"
"1310","吃完晚餐再走吧"
"1311","吃咖哩烤餅"
"1312","各階段的必經過程"
"1313","回去都十一點了"
"1314","回到一二號巴士站"
"1315","回家時經過菜市場"
"1316","回旅館沒有發現我的帽子"
"1317","回鄉下外公家住"
"1318","回飯店大致整理一下東西"
"1319","因為有兩張票"
"1320","因為時間也快到了"
"1321","因應外在經濟的變化和風險"
"1322","在二號出口"
"1323","在人道救援上"
"1324","在十三歲時"
"1325","在子女就學後"
"1326","在公開的網購平臺下標"
"1327","在台北不好求生"
"1328","在台北有工作已經算不錯的了"
"1329","在台灣排隊等待"
"1330","在市場裡面"
"1331","在田裡也需幫忙"
"1332","在回去的路上"
"1333","在她六十歲時"
"1334","在車上全身是汗"
"1335","在花博爭艷館"
"1336","在星期五早上"
"1337","在面前哭的那麼無助"
"1338","在哺乳室內"
"1339","在娘家吃飯"
"1340","在基礎建設方面"
"1341","在組織體制中"
"1342","在準備妥適後"
"1343","在隔壁的三樓"
"1344","在實習和體驗方面"
"1345","在機場找了一段時間"
"1346","地主不願意訂立書面契約"
"1347","她丈夫才娶她為妻"
"1348","她不幸中風了"
"1349","她不假思索的答應"
"1350","她平安的長大了"
"1351","她必須清晨四點起來"
"1352","她生了最小的女兒"
"1353","她有個自小感情就很好的表弟"
"1354","她住桃園"
"1355","她每天早出晚歸"
"1356","她決定向自己媽媽拿些錢"
"1357","她走到客廳"
"1358","她來不及反應"
"1359","她的遺體"
"1360","她是村裡第一個新娘"
"1361","她動怒了"
"1362","她淡淡的笑了"
"1363","她喜歡鄉下的生活"
"1364","她跟我說"
"1365","好問題"
"1366","好溫暖好爽"
"1367","好像要把他們區分開"
"1368","好像蠻多地方停電了"
"1369","如何協助自己"
"1370","如何讓自己開心一點？"
"1371","安全無虞的教學和學習環境"
"1372","安靜的氣氛"
"1373","年後正式進入求職高峰"
"1374","年齡限制"
"1375","忙得要死"
"1376","成功守住大門"
"1377","成為深具國際性格的大都市"
"1378","收成的作物就全毀了"
"1379","早上要去吃飯"
"1380","旭川站到了"
"1381","有一次他經過花東縱谷"
"1382","有一群年輕朋友說"
"1383","有一道肉燥非常好吃"
"1384","有九位旅客不幸罹難"
"1385","有二條河流"
"1386","有人在搶衛生紙搶到打架"
"1387","有多元豐富之相關資訊可供參考"
"1388","有牡丹蝦"
"1389","有兩種路線"
"1390","有空會去聊聊天"
"1391","有近兩成的人"
"1392","有很多傳統習俗和過年活動"
"1393","有效瓦解群眾暴力攻擊"
"1394","有效降低幼少年犯罪率"
"1395","有效維護安全"
"1396","有時去散散步"
"1397","有時剛發芽的稻子"
"1398","有時需要用錢"
"1399","有條狗塞在岩石裡面"
"1400","有許多婦女"
"1401","有幾個台灣人"
"1402","有點不好意思"
"1403","次元刀"
"1404","此時"
"1405","此條路線"
"1406","池上秋收稻穗藝術節"
"1407","百貨公司看看"
"1408","老闆多給的獎金"
"1409","而且是水龍頭"
"1410","而且超滿載"
"1411","自一零三年起"
"1412","自己觀察天氣"
"1413","行動還算順利"
"1414","但是天氣很好沒有下雪"
"1415","但是肚子咕嚕咕嚕叫"
"1416","但是那邊賣的蘋果真的好吃"
"1417","但是到時候"
"1418","但是要待一個小時"
"1419","但是燈打上去很漂亮"
"1420","住在台北的大舅家"
"1421","你只能摘一次"
"1422","你努力到死"
"1423","你來了啊"
"1424","你怎麼會有錢買這個？"
"1425","免費服務"
"1426","初次申請工作證明"
"1427","判斷這封信是否重要"
"1428","努力打聽哪裡還有新的機會"
"1429","即使"
"1430","吸引人才並留住人才"
"1431","困難不會自動消失"
"1432","困難與挑戰是激發我們的原動力"
"1433","均為單一性別不得進行"
"1434","坐在休息室裡面休息"
"1435","坐在廚房的門邊"
"1436","妥善處理垃圾及資源回收"
"1437","完全不尊重"
"1438","完全不給力"
"1439","完全沒有蟲鳴鳥叫"
"1440","完成了這幅畫作"
"1441","完備相關程序"
"1442","希望在新的一年"
"1443","希望你能改變心意"
"1444","希望重返職場"
"1445","弄出基本功能了"
"1446","弄錯蠻多東西的"
"1447","忍不住越賭越大"
"1448","我也吃不下了"
"1449","我才知道"
"1450","我水沒倒完"
"1451","我以後一定會還你的"
"1452","我只知道我要找技術的東西"
"1453","我在巴士站"
"1454","我在找飲水機"
"1455","我在做事"
"1456","我把奶酪布丁吃掉了"
"1457","我居然會期待"
"1458","我拍了一堆照片"
"1459","我的烤牛肉很好吃"
"1460","我直接上網網購"
"1461","我背後的這幅畫"
"1462","我要弄一個載具條碼"
"1463","我要和阿嬤一起去"
"1464","我要特別感謝"
"1465","我要請大家放心"
"1466","我們一定能突破極限"
"1467","我們上車"
"1468","我們也感同身受"
"1469","我們不在家的時候"
"1470","我們去上班的時候"
"1471","我們只有四個人"
"1472","我們只能下車等"
"1473","先在遊客中心休息"
"1474","我們冷爆了"
"1475","我們決定走下山"
"1476","決定就不去了"
"1477","我們到了車站"
"1478","我們到了圓山公園站"
"1479","我們急急忙忙"
"1480","我們恢復了信心"
"1481","我們看了看時間"
"1482","我們要四小時內交貨"
"1483","我們展現互助"
"1484","我們現在聊天"
"1485","我們逛了一點點"
"1486","我們就發現"
"1487","我們等了一會兒"
"1488","我們跑回車站"
"1489","我們會有更堅強的實力"
"1490","我們躲到隔壁去"
"1491","我們盡了最大努力"
"1492","我們趕快衝去買吃的"
"1493","我們趕緊下樓"
"1494","我們繼續坐車"
"1495","我拿了我的備用帽子"
"1496","我現在才知道"
"1497","我這時候才看懂"
"1498","我速速吃完"
"1499","我尋找已久想要的東西"
"1500","我就上網讀資料"
"1501","我發現我忘了號碼牌"
"1502","我想吃冰淇淋"
"1503","我想弄個獎"
"1504","我想要勉勵國人"
"1505","我想跟飯店借毛巾"
"1506","我想說還有時間"
"1507","我對未來有信心"
"1508","我趕忙衝上去購票"
"1509","我趕快去排隊"
"1510","我還怕會等很久"
"1511","我還是先回家好了"
"1512","我覺得不夠過癮"
"1513","找了一家烤牛舌店"
"1514","找份安穩的工作討生活"
"1515","找地方要喝咖啡"
"1516","找她去吃點東西"
"1517","找到一間日本料理店"
"1518","找到一間餐廳就進去吃"
"1519","找到機會就挖苦"
"1520","找附近的販賣機投熱飲"
"1521","找尋職務代理人"
"1522","把十四歲的少年演繹的很好"
"1523","把可能產生的損害降到最低"
"1524","把身上穿的羽絨外套收起來"
"1525","把準備金賠光了"
"1526","把螞蟻撥掉"
"1527","改變臺灣經濟的體質"
"1528","更大更好的"
"1529","更壯大的實力"
"1530","更是不能怠慢"
"1531","更重要的是"
"1532","更應該加強平日的危機意識"
"1533","每一次洽公都有全新的感受"
"1534","每一個辛苦打拚的人"
"1535","每天一早就要洗菜切菜"
"1536","每天帶小女兒走路上學"
"1537","求職技巧"
"1538","決定回車站"
"1539","決定看夜景"
"1540","決定開始來讀書"
"1541","沒一個有聽過的"
"1542","沒一家敢提續航力"
"1543","沒有表演的尾牙"
"1544","沒有訊號"
"1545","沒有發不動的問題"
"1546","沒有摸彩"
"1547","沒有辦法說話"
"1548","私下交易購買高階商品"
"1549","角色都有戲份"
"1550","走了一段路"
"1551","身上總像背著什麼"
"1552","身為別人的媳婦"
"1553","身體健康萬事如意"
"1554","車上很熱"
"1555","車子來了"
"1556","車子終於來了"
"1557","車程比平常更漫長"
"1558","那一層樓很難找"
"1559","那對情侶"
"1560","那對新加坡新人"
"1561","那種態度"
"1562","那邊看看"
"1563","防杜色情氾濫"
"1564","防治少年犯罪"
"1565","並做出行動"
"1566","事後她得知"
"1567","事情多起來就容易亂"
"1568","事業單位"
"1569","亞太經貿重鎮"
"1570","來北海道玩兩週"
"1571","來自各縣市的搜救團隊"
"1572","依規定每年申請"
"1573","兒子終於睡著"
"1574","兩百五十日圓"
"1575","兩百日圓"
"1576","兩岸沒有距離"
"1577","兩個女兒開心把玩"
"1578","兩國總統都沒有直接通過電話"
"1579","其他相關事項等規定"
"1580","其實我們根本不用出站"
"1581","其實是用猜的"
"1582","具一定規模以上"
"1583","具備處理行政事務之處所"
"1584","具薪資勞健保"
"1585","到了山頂超冷"
"1586","到了車站"
"1587","到了終點"
"1588","到了鄉下"
"1589","到市場吃早餐"
"1590","到底在哪裡搭"
"1591","到柏油路上也防冰冷"
"1592","協助二度就業母親"
"1593","協助口頭承租農地之耕作者"
"1594","協助婦女再就業"
"1595","取得有效之工作證明"
"1596","味增炒牛舌"
"1597","和朋友邊聊天"
"1598","和媽媽一起準備晚餐"
"1599","夜景真的超難拍"
"1600","妳可以去試試看"
"1601","妳為什呢要跟他亂說話"
"1602","妻子受不了而選擇離婚"
"1603","姓名職業與研究機構"
"1604","委員遴聘條件程序"
"1605","定期接受教育訓練課程"
"1606","居住在不同縣市"
"1607","居無定所"
"1608","幸好還有座位"
"1609","往七星公園"
"1610","往回走"
"1611","往叔叔家跑去"
"1612","念了三年高中白白浪費"
"1613","怕自己跟去了"
"1614","所以我最後什麽都沒有"
"1615","抽菸酗酒"
"1616","拆除破壞警方架設之拒馬"
"1617","拉近雙方的心理距離"
"1618","拉麵共和國"
"1619","拍照嘍"
"1620","拔雜草"
"1621","放在身邊"
"1622","於一定規模下"
"1623","於今年舉辦夏日徵才活動"
"1624","於是他決定要做生意"
"1625","明天要回台灣了"
"1626","明天就是新的開始"
"1627","明天過後"
"1628","服務人員是台灣人"
"1629","服務生椅子都用摔的"
"1630","東西不容易腐敗"
"1631","東華書局股份有限公司"
"1632","武田的紅茶"
"1633","法人"
"1634","泡一壺茶"
"1635","泡芙一顆不好吃"
"1636","泣不成聲"
"1637","爬滿螞蟻"
"1638","直到房貸付不出來"
"1639","直奔天狗山"
"1640","直接只留大外套"
"1641","直登主峰"
"1642","直銷的東西"
"1643","知道了"
"1644","知道又不小心說錯話了"
"1645","社團淪為詐騙工具"
"1646","股市在萬點封關"
"1647","股份有限公司"
"1648","育嬰留職停薪期滿後"
"1649","育嬰假期間"
"1650","表弟也搬到蘆洲與他們同住"
"1651","表弟的老婆"
"1652","表達出了蜘蛛人的成長"
"1653","迎向健康希望的每一天"
"1654","近幾年"
"1655","返校日真的拍得很有趣"
"1656","長達十小時以後就不行了"
"1657","阿三在睡覺"
"1658","阿公"
"1659","阿伯表示"
"1660","附近沒有適合的醫院"
"1661","青年求職需要注意的事項"
"1662","青年探索職場"
"1663","青年職涯發展中心"
"1664","非擔任主管職務者"
"1665","便利商店買了濾掛式咖啡"
"1666","便往屋裡走進"
"1667","保存著他們的記憶"
"1668","保障市民的生命財產安全"
"1669","保障市民的夜行安全"
"1670","保障農民參加的權益"
"1671","前項第二款"
"1672","前端和後端的差別"
"1673","卻接到爸爸打來的電話"
"1674","哈哈"
"1675","哈密瓜"
"1676","孩子開始念書後"
"1677","客人點了四十三大披薩"
"1678","客人聽到後還是堅持要交貨"
"1679","建立一套嚴謹的防災體系"
"1680","建立可以安身立命的生活空間"
"1681","建立關懷溫馨的社會"
"1682","建設開發股份有限公司"
"1683","建構亞太金融中心"
"1684","建議我們"
"1685","很久沒來了啊！"
"1686","很少看到有台灣人在用"
"1687","很好吃不貴"
"1688","很快到達她娘家"
"1689","很快就沒事了"
"1690","很晚了啦"
"1691","後來才發現"
"1692","後來少說了"
"1693","後來他生下了女兒"
"1694","後來他們遷往三重金華街"
"1695","後來我覺得不便宜"
"1696","後來發現"
"1697","怎樣"
"1698","持續追尋創業夢想的故事"
"1699","持續針對危險建築進行盤點"
"1700","指日可待"
"1701","挑出表皮發霉的"
"1702","挑戰不會無由停止"
"1703","挑戰我們的意志"
"1704","政府和大家正在一起打拚"
"1705","政府能做的是"
"1706","春天的山原來這麼安靜"
"1707","春暖花開"
"1708","昨天爬金面山"
"1709","昨晚就已經劈腿三次"
"1710","是大姑姑的兒子"
"1711","是文明病的主因"
"1712","是要不要放過我啊"
"1713","是個有生命力的人文城市"
"1714","是個美好的季節"
"1715","是歷史上的第二次"
"1716","柚子汁還蠻好喝的"
"1717","津貼補助的政策奏效"
"1718","活動行銷有限公司"
"1719","流浪者計畫"
"1720","流浪者校園講座"
"1721","為了弄出又酷又炫的效果"
"1722","為她煎中藥"
"1723","狠狠甩了她兩個耳光"
"1724","狠狠撞上磚牆"
"1725","相機包包"
"1726","看了一下時刻表"
"1727","看了朋友拍的台東熱氣球照片"
"1728","看了看時間"
"1729","看見了她"
"1730","看到水果店"
"1731","看到有車就上了"
"1732","看到有摩斯就進去"
"1733","看到阿嬤"
"1734","看到這幅景色"
"1735","看看是什麼東西"
"1736","看起來沒啥吃的"
"1737","看著他"
"1738","看著落寞的身影"
"1739","研究機構包括學校"
"1740","科技公司"
"1741","穿外套快熱死"
"1742","突然門被粗暴的推開"
"1743","突然被丟進大冰桶"
"1744","約七十歲時"
"1745","美商台灣分公司"
"1746","美麗的花蓮"
"1747","背上都是嚴重的傷痕"
"1748","致力於提升女性勞動參與率"
"1749","要二十分左右"
"1750","要在車上"
"1751","要怎麼出站就不知道"
"1752","要特別注意"
"1753","要設計一個專屬的行動介面"
"1754","要搭市鐵轉巴士"
"1755","要轉乘小纜車"
"1756","負擔家庭照顧的主要角色"
"1757","負擔責任相對較輕"
"1758","重要的課題"
"1759","面對迷惘時"
"1760","面對著即將到來的二十一世紀"
"1761","風雨很大"
"1762","香港"
"1763","乘坐汽車而不是轎子"
"1764","修改照片"
"1765","修改照片的ㄟ ＰＰ"
"1766","借住在別人屋簷下"
"1767","倫理審查委員會"
"1768","剛好"
"1769","原因是"
"1770","原來可以抵用"
"1771","原來可以預約呀"
"1772","原來有兩個大樓"
"1773","原來直播是假的"
"1774","唐吉柯德和大創"
"1775","孫子也都大了"
"1776","家人放在客廳"
"1777","家庭成員賺的錢"
"1778","家裡的童養媳"
"1779","展示兩條金項鍊"
"1780","差異並沒有大到你想像的那樣"
"1781","差點忘了相機包包"
"1782","座位區"
"1783","拿起一些舊衣開始縫補"
"1784","拿掉一些重複的資料檢查"
"1785","效果十分顯著"
"1786","旁邊一個階梯"
"1787","旁邊就有"
"1788","時常有人請她幫忙工作"
"1789","根本是給男人做的"
"1790","格外沉默"
"1791","桃園新竹與宜蘭"
"1792","烤羊肉吃到飽"
"1793","特別設立專區"
"1794","班級排名不高"
"1795","留些錢在比較方便"
"1796","留職停薪復職者"
"1797","病情每下愈況"
"1798","真的都是吹泡泡元年"
"1799","真的超冷"
"1800","真的超暖和"
"1801","真的傻了"
"1802","真的讚，很值得買"
"1803","紓緩留職停薪者的經濟壓力"
"1804","能忍則忍"
"1805","起司蛋糕明天當早餐"
"1806","配置兩名業務輔導員"
"1807","針對二度就業婦女"
"1808","除了選舉"
"1809","馬上去旁邊買馬油"
"1810","馬上坐車去市區"
"1811","馬上照她建議的走"
"1812","馬上衝上車"
"1813","高雄市美濃區"
"1814","乾柿子"
"1815","假日哪裡好玩？"
"1816","做牛做馬都會"
"1817","做得比現在更好"
"1818","做帽子的工廠"
"1819","健全醫療制度"
"1820","健身房器材還蠻齊全的"
"1821","參加的社會保險"
"1822","啊！就這樣喔"
"1823","問問看站員"
"1824","問過身邊的人"
"1825","國軍全面動員救災"
"1826","國泰世紀產物保險"
"1827","國泰世華商業銀行"
"1828","國際社會表達的關心和慰問"
"1829","培養適性發展的下一代"
"1830","堂哥前來勸架"
"1831","堆雪人"
"1832","婚後"
"1833","婦女欲重返職場時"
"1834","寄行李"
"1835","將包裝打開"
"1836","將範圍拓展至高中職畢業生"
"1837","專題講座"
"1838","帶出旅館"
"1839","常常說話尖酸刻薄"
"1840","強化大眾運輸系統功能"
"1841","強化市民參與"
"1842","強化企業建立友善職場環境"
"1843","從房裡跑了出來"
"1844","從前就有賭博的習慣"
"1845","從家庭銜接職場"
"1846","從除夕、大年初一、到十五元宵節"
"1847","情緒處理的也很不錯"
"1848","掃掃地、整理貨物等等"
"1849","掛念著工作不能沒有人做"
"1850","採用了風險較高的做法"
"1851","接下來"
"1852","推動各項福利措施"
"1853","推動災區的復原重建"
"1854","推測"
"1855","教育訓練課程"
"1856","教猴子使用金錢"
"1857","晚上都作夢到哭"
"1858","晚上聽到有人大力的撞門"
"1859","望著矮小的孫女"
"1860","毫不識字"
"1861","淨化社會治安"
"1862","深受感動"
"1863","清理用了十幾年的除濕機"
"1864","牽牛餵羊等等農事"
"1865","現在手邊錢多了"
"1866","現在這個時間去太晚"
"1867","現場面試"
"1868","畢業青年"
"1869","票上有寫一個慘字"
"1870","符合下列事項"
"1871","符合臺北市的產業型態"
"1872","第一次的離別"
"1873","第一次痛徹心扉"
"1874","第一段是大纜車"
"1875","第七條"
"1876","第二條"
"1877","第三條第二項"
"1878","第六條"
"1879","累積創業人脈與技術"
"1880","終於忍不住了"
"1881","終於熬到八點"
"1882","終於鬆了口氣"
"1883","組織及運作管理辦法"
"1884","處長表示"
"1885","被有心人士從外部連線"
"1886","被保險人"
"1887","被唸了一下"
"1888","被逼緊了"
"1889","規劃相關宣傳活動"
"1890","設計"
"1891","販售高階電器用品"
"1892","透過在地社團取信被害人"
"1893","透過網站公布優良廠商名單"
"1894","途中"
"1895","這也是我們臺灣人的真情"
"1896","這也是無奈"
"1897","這句話聽在耳裡多麼令人心痛不捨"
"1898","這本書的英文原名"
"1899","這次好貴"
"1900","這是不是個笑話"
"1901","這段時間的臺灣社會"
"1902","這個工作已經開始"
"1903","這個方法的原理很簡單"
"1904","這個世界充滿了苦難"
"1905","這個走道連起來"
"1906","這時候天氣放晴"
"1907","這班原來是遊覽巴士"
"1908","這陣子聽說他要工作了"
"1909","這就是我們的臺灣"
"1910","這幾週真的是忙爆了"
"1911","這麼閒，還不快點去浪費時間。"
"1912","這麼懶惰的媳婦"
"1913","這樣求那麼久"
"1914","這樣很不錯"
"1915","這點"
"1916","這邊一盞路燈都沒有"
"1917","這邊變成銀白世界"
"1918","通報警察單位處理"
"1919","造成多名記者警察受傷"
"1920","造成更多衝突傷害"
"1921","部分條文修正條文"
"1922","都是找英文的比較多"
"1923","都對這幅畫留下了深刻的印象"
"1924","都需要給他"
"1925","都賭些小錢"
"1926","都關一關"
"1927","都灑到車上了"
"1928","雪就算了"
"1929","雪景又是一絕"
"1930","最主要"
"1931","最好是給我"
"1932","最好會激起他佔有慾"
"1933","最有效地找到方向"
"1934","最初還不過分"
"1935","最近剛好有點忙"
"1936","最後她沒進小學念書"
"1937","最後放棄"
"1938","最終選取結果"
"1939","最新崛起的假網拍詐騙趨勢"
"1940","創造優質生活環境"
"1941","創辦人將分享"
"1942","勞工之薪資"
"1943","勞保局提醒"
"1944","喊著不要殺我"
"1945","喜歡說故事的人"
"1946","喝咖啡吃巧克力"
"1947","喝咖啡當早餐"
"1948","報中央目的事業主管機關備查"
"1949","媒合適性之工作機會"
"1950","就只是個超人"
"1951","就好比一間披薩店"
"1952","就決定買套票"
"1953","就等消息一出"
"1954","就開始等放假啦"
"1955","就想說先到公車站"
"1956","就趕快上車"
"1957","幾年後"
"1958","循環十號公車"
"1959","提升速度"
"1960","提供申請的措施"
"1961","提供各種遊憩休閒"
"1962","提供多元且豐富之服務"
"1963","提供專業之相關訊息"
"1964","提供短期就業安置"
"1965","提供滿意且感動的服務"
"1966","提昇國家競爭力"
"1967","換上短袖"
"1968","散散步"
"1969","景色很讚"
"1970","晴天霹靂的消息"
"1971","智慧表大家都在出"
"1972","暑期體驗"
"1973","椅子真的欠人很多"
"1974","減輕受害者的傷痛"
"1975","減輕家庭照顧責任"
"1976","無印良品數位影印輸出中心"
"1977","無法以佃農身分參加農保"
"1978","無法阻止地震發生"
"1979","無法聯繫或拒絕電訪"
"1980","然後再繞去買羽絨衣"
"1981","然後決定折返"
"1982","痛苦不堪"
"1983","發現女性仍受傳統觀念影響"
"1984","發現已經排了一些人"
"1985","發現只剩下六分鐘"
"1986","發現客廳沒開燈"
"1987","童年單純而美好"
"1988","等了一會兒終於來了"
"1989","等公車"
"1990","等他發車"
"1991","等到工作的人回家"
"1992","等到六十分都還沒到"
"1993","等到我們的時候"
"1994","等飛機的時候"
"1995","結果他們說不可以"
"1996","結果在二樓"
"1997","結果在隔壁"
"1998","結果有發現"
"1999","結果時間來不及"
"2000","結果還要等二十分鐘"
"2001","結帳時"
"2002","給了彼此"
"2003","給誰我沒有意見啊"
"2004","詐騙集團"
"2005","買了巴士票"
"2006","買了好多巧克力當伴手禮"
"2007","買了串燒和鯛魚燒"
"2008","買了青森蘋果"
"2009","買之前就知道"
"2010","買完後就去車站"
"2011","買這本書"
"2012","買賣很好賺錢"
"2013","買藥回來吃"
"2014","趁機拍照"
"2015","跌倒在地"
"2016","跑去旁邊大賣場"
"2017","跑去逛商店街"
"2018","跑去買水果"
"2019","跑去買冰淇淋"
"2020","進去後居然遇到"
"2021","進行調查"
"2022","進來玩一下吧"
"2023","鄉里間都知道"
"2024","開了間工廠"
"2025","開心建設股份有限公司"
"2026","開到站有位子坐"
"2027","開始想搬回鄉下住"
"2028","開始裝橘子"
"2029","開會程序"
"2030","集會所"
"2031","順利重返職場"
"2032","傳來陣陣劇痛"
"2033","傷害必然更加嚴重"
"2034","勤勞和工作效率"
"2035","匯款後遭詐騙集團已讀不回"
"2036","奧迪北區股份有限公司"
"2037","媽媽的超鹹的"
"2038","微胖身軀"
"2039","想順遊東峰"
"2040","想親自照顧子女等原因"
"2041","感覺可以住一天"
"2042","搭了巴士"
"2043","搭錯了"
"2044","新北市淡水區中正路一段"
"2045","新年恭喜萬事如意"
"2046","新店"
"2047","新店要開始動工嘍"
"2048","新的一年"
"2049","新的思維"
"2050","新的價值體系"
"2051","新的觀念"
"2052","新媒體"
"2053","新筆電看起來性能也沒差很多"
"2054","暖暖包都用了三個"
"2055","會不會有夜景"
"2056","會向她伸手要錢"
"2057","會是正確的"
"2058","會被颱風吹倒"
"2059","會發生什麼事情？"
"2060","極度瞧不起他"
"2061","歲末年終全家團圓的時刻"
"2062","準備喪禮時"
"2063","當今社會"
"2064","當天提供限量職涯諮詢"
"2065","當時一棟房不過十二三萬"
"2066","當然還有"
"2067","萬事如意"
"2068","經過一年的治療"
"2069","經過自動電扶梯"
"2070","經過很久，她才漸漸從傷痛恢復"
"2071","經濟成長超乎預期"
"2072","號召高三畢業生現場面試"
"2073","補好衣服的破洞"
"2074","補助企業僱用"
"2075","裝一袋到袋子裡"
"2076","解決問題"
"2077","資金管理等技術"
"2078","資料分析"
"2079","跟他們坐同路線"
"2080","跟我查到的時間不一樣"
"2081","跟我們聊個天"
"2082","跟我們確認要去哪"
"2083","跨世紀市政建設藍圖"
"2084","路上一堆雪和水"
"2085","路上看到溫泉街"
"2086","路過父母的家"
"2087","較能配合法令"
"2088","較能提供友善職場環境"
"2089","農事的幫忙"
"2090","農委會已修法"
"2091","農委會亦一併修法放寬"
"2092","農業改良場"
"2093","農曆春節在兩岸都是最重要的節慶"
"2094","遇到客戶跑來散步"
"2095","遊客中心"
"2096","運用數位工具及知識平台打造獨特產品"
"2097","運河和倉庫"
"2098","運動行銷股份有限公司"
"2099","過去一年經濟的表現"
"2100","過程中有人不斷教唆群眾"
"2101","違法攻擊行為"
"2102","零至六個月之"
"2103","電子公司"
"2104","電腦不會過熱"
"2105","團結一致才不會倒下"
"2106","實際從事農業生產的人"
"2107","對全家人都是"
"2108","對她招著手"
"2109","對你來說"
"2110","對岸的朋友"
"2111","對罹難者家屬"
"2112","慣老闆通通現形啦"
"2113","榮譽感"
"2114","漸漸不順"
"2115","漸漸行動不便"
"2116","漸漸長大"
"2117","福壽街"
"2118","算一算時間"
"2119","管制都市污染源"
"2120","維持生活開銷不容易"
"2121","網路行銷及大數據"
"2122","網路購物陷阱多"
"2123","臺北市政府警察局中山分局"
"2124","臺北市就業服務處"
"2125","臺灣地處斷層帶"
"2126","與大家分享"
"2127","與他們相處不是很愉快"
"2128","與我們告別"
"2129","認為自己是一家之主"
"2130","誘騙不特定多數民眾"
"2131","誤打誤撞買到轉乘券"
"2132","說不定被打的是妳"
"2133","說沒撿到"
"2134","說明定錨的重要性"
"2135","說聲新年恭喜"
"2136","趕快來吃鉤"
"2137","酷航的櫃檯"
"2138","銀行裡面"
"2139","需要買些文具用品"
"2140","需要開刀"
"2141","領機票"
"2142","鳳梨不怎麼樣"
"2143","增加其申請的意願"
"2144","增加僱用弱勢的動機"
"2145","增進校園安全"
"2146","審查委員應簽署保密協定"
"2147","審查會議之議決結果"
"2148","廣達電腦股份有限公司"
"2149","影像製作公司"
"2150","影響血液循環"
"2151","徵才地點"
"2152","徵才條件相當優渥"
"2153","摩天輪和夜景最棒了"
"2154","熱茶喝起來超爽"
"2155","締結姊妹市"
"2156","調查對象總人口數"
"2157","請小心新型態詐騙手法"
"2158","請我去百元商店買"
"2159","適當之行政事務"
"2160","適當的檔案儲存空間"
"2161","遭受地震無情的打擊"
"2162","靠著柺杖"
"2163","養蜂農民要逐蜜源遷徙"
"2164","奮不顧身搶救受困人員"
"2165","學校為特別班加課"
"2166","學習工作技能與人際互動"
"2167","擁有五十五萬粉絲"
"2168","整個下午依然哭個不停"
"2169","橡皮筋一樣綁住"
"2170","燒飯"
"2171","積極參與鄰里聚會"
"2172","積體電路"
"2173","舉辦大型實習、就業博覽會"
"2174","螃蟹吃到飽"
"2175","親不親故鄉人"
"2176","諮詢專家"
"2177","辦理公證"
"2178","選擇從頭開始"
"2179","選擇通過安心賣家認證的店家"
"2180","錯愕的看著打開的門"
"2181","頭也不回"
"2182","餐飲股份有限公司"
"2183","優先進行補強工程"
"2184","優質職缺"
"2185","嚇了一大跳"
"2186","幫忙家裡插秧"
"2187","應有三分之二以上委員出席"
"2188","應有半數以上委員出席"
"2189","應該要結冰啊"
"2190","檢查出肺癌"
"2191","檢查發現她得了糖尿病"
"2192","營造工程"
"2193","聯合二十四家企業"
"2194","臉上"
"2195","臉色都沉了下來"
"2196","臉書社團的管理者"
"2197","講完事情的經過"
"2198","謝謝大家的配合"
"2199","購買價格和市價相差過多的商品"
"2200","輾轉搬到新莊"
"2201","避免掉了風險"
"2202","避免透過即時通私下交易"
"2203","邀請資深就業諮商師"
"2204","邁向下一個千禧年"
"2205","還以為是公車"
"2206","還有一些記錄"
"2207","還有一般地鐵票"
"2208","還有一對日本情侶"
"2209","還有兩個小時"
"2210","還有很多貸款要還哪"
"2211","還有黃金蛋的魚"
"2212","還沒吃飯"
"2213","還是只能搭終電"
"2214","還是在台北過的很好"
"2215","還是覺得開口太緊了"
"2216","還要"
"2217","還要十幾分鐘"
"2218","還要追加"
"2219","還要確認公車"
"2220","還原遊戲動作很不錯"
"2221","還拿了腳架拍環景"
"2222","雖然太陽很大"
"2223","鮭魚鮭魚卵"
"2224","點完餐"
"2225","瀑布超棒"
"2226","簡易行政工作"
"2227","簡直像在安慰自己"
"2228","繞回公車站"
"2229","職缺資訊"
"2230","職涯探索"
"2231","職場學習"
"2232","職場體驗參訪"
"2233","職業適性測驗與求職技巧等"
"2234","藉由門邊射入的晨光挑著菜"
"2235","謹慎管理社團內貼文"
"2236","轉化興趣為專業"
"2237","醫院公務機關"
"2238","離起飛還有一小時"
"2239","勸他搬到鄉下一起住"
"2240","寵愛她的阿公"
"2241","證明文件應經審查並妥善保存"
"2242","邊吃午餐"
"2243","關係應予公開"
"2244","關懷調查"
"2245","難怪人這麼少"
"2246","騙父母考試成績不錯"
"2247","騙老師這題我會了"
"2248","嚴重的災情以及人命的傷亡"
"2249","繼續向村裡的人借錢"
"2250","蘋果甜又便宜"
"2251","覺得又好氣又好笑"
"2252","覺得心裡暖暖的"
"2253","警察將與群眾直接肢體接觸"
"2254","警察從被破壞之柵欄缺口突圍而出"
"2255","警察極力自制"
"2256","議決方式"
"2257","釋出多達九百一十個職缺"
"2258","釋出歷屆最多的實習職缺"
"2259","續杯一杯免費"
"2260","歡迎有興趣的青年朋友"
"2261","歡迎青年前來參與"
"2262","聽到了有點罪惡感"
"2263","聽到她這麼說"
"2264","聽到我希望寫她的故事"
"2265","聽到旁邊的人在說"
"2266","聽說你開始做生意了"
"2267","聽說要架腳架才行"
"2268","聽說隔壁賺了不少"
"2269","驗貨完再付錢"
"2270","讓人心裡留下恐懼的陰影"
"2271","讓世界多了幾許笑容"
"2272","讓他知道妳在挑撥離間"
"2273","讓台北與世界同步"
"2274","讓外婆住小公寓"
"2275","讓同學實地接觸群眾募資"
"2276","讓她哭了好幾個月"
"2277","讓她覺得放鬆許多"
"2278","讓行動不便的外婆復健"
"2279","讓社區民眾住的安心"
"2280","蠻多旅館的"
"2281","觀功念恩是好漢"
"2282","纜車分成兩段"
